Keyword,Difficulty,"Search vol.",Position,"Previous position",Competition,CPC,URL,Traffic,"Traffic share","Traffic cost"
edreams,99,18100,23,30,0.23,0.11,https://www.hotelminder.com/partner=Edreams.com,181,57.83,19.91
siteminder,54,880,15,15,0.21,1.55,https://www.hotelminder.com/partner=SiteMinder,8,2.56,13.64
"write a review on tripadvisor",38,260,8,10,0.10,0.10,https://www.hotelminder.com/ask-your-guests-for-reviews-on-tripadvisor-facebook-google,8,2.56,0.81
"write review tripadvisor",29,260,8,10,0.10,0.10,https://www.hotelminder.com/ask-your-guests-for-reviews-on-tripadvisor-facebook-google,8,2.56,0.81
hostelworld.com,39,210,8,8,0.27,0.48,https://www.hotelminder.com/partner=Hostelworld.com,6,1.92,3.12
"tripadvisor write a review",26,260,9,14,0.10,0.10,https://www.hotelminder.com/ask-your-guests-for-reviews-on-tripadvisor-facebook-google,6,1.92,0.68
"channel manager",25,70,4,4,0.81,10.65,https://www.hotelminder.com/best-hotel-channel-manager-systems,5,1.60,60.39
"hotel booking engines",11,30,2,2,0.71,10.64,https://www.hotelminder.com/best-hotel-website-booking-engines,5,1.60,56.18
"little hotelier",15,170,8,6,0.37,0.92,https://www.hotelminder.com/partner=Little%20Hotelier,5,1.60,4.85
"hotel booking website",62,480,15,14,0.89,2.79,https://www.hotelminder.com/best-hotel-website-booking-engines,4,1.28,13.39
"hotel booking websites",56,480,27,51,0.89,2.79,https://www.hotelminder.com/best-hotel-website-booking-engines,4,1.28,13.39
"pms hotel",23,20,2,3,0.71,4.02,https://www.hotelminder.com/best-hotel-property-management-systems,3,0.96,14.15
"hotels with self check in kiosks",7,10,1,7,0.71,N/A,https://www.hotelminder.com/best-hotel-online-self-check-in-and-kiosk-solutions,3,0.96,0
"online hotel reservation system",27,10,1,6,0.57,N/A,https://www.hotelminder.com/best-hotel-website-booking-engines,3,0.96,0
"hotel booking engine",31,30,3,3,0.71,10.64,https://www.hotelminder.com/best-hotel-website-booking-engines,3,0.96,36.39
"best booking engine for hotels",28,10,1,3,0.95,N/A,https://www.hotelminder.com/best-hotel-website-booking-engines,3,0.96,0
"hotel booking engine comparison",28,10,1,1,0.00,N/A,https://www.hotelminder.com/best-hotel-website-booking-engines,3,0.96,0
"best hotel booking engine",22,10,1,2,0.95,N/A,https://www.hotelminder.com/best-hotel-website-booking-engines,3,0.96,0
"online travel agency",24,310,15,19,0.72,1.68,https://www.hotelminder.com/10-online-travel-agencies-you-should-connect-to-today,3,0.96,5.21
"online booking engines",38,10,1,1,0.33,N/A,https://www.hotelminder.com/best-hotel-website-booking-engines,3,0.96,0
"booking engine for hotels",23,30,3,3,0.71,10.64,https://www.hotelminder.com/best-hotel-website-booking-engines,3,0.96,36.39
"online hotel booking system",9,10,1,3,0.64,N/A,https://www.hotelminder.com/best-hotel-website-booking-engines,3,0.96,0
"hotel website booking engine",20,10,1,2,0.14,N/A,https://www.hotelminder.com/best-hotel-website-booking-engines,3,0.96,0
edreams.com,48,90,10,14,0.28,0.18,https://www.hotelminder.com/partner=Edreams.com,2,0.64,0.39
"hotel search engines",40,50,9,19,0.82,3.72,https://www.hotelminder.com/best-hotel-website-booking-engines,1,0.32,4.84
"hotel benchmarking metrics",4,10,3,6,0.00,N/A,https://www.hotelminder.com/top-hospitality-key-performance-indicators,1,0.32,0
"property management systems hotel industry",22,10,3,2,0.00,N/A,https://www.hotelminder.com/best-hotel-property-management-systems,1,0.32,0
"best hotel pms",14,10,2,2,1.00,N/A,https://www.hotelminder.com/best-hotel-property-management-systems,1,0.32,0
"best cloud based hotel pms",17,10,2,5,0.00,N/A,https://www.hotelminder.com/best-hotel-property-management-systems,1,0.32,0
"hotel revenue management articles",6,10,3,3,0.00,N/A,https://www.hotelminder.com/learn-revenue-management,1,0.32,0
"hospitality property management software",10,10,3,5,0.00,N/A,https://www.hotelminder.com/best-hotel-property-management-systems,1,0.32,0
"booking engine",33,30,5,3,0.86,12.05,https://www.hotelminder.com/best-hotel-website-booking-engines,1,0.32,22.05
"hotel competitor analysis template",5,10,3,2,0.29,N/A,https://www.hotelminder.com/how-to-create-your-hotel-competitive-set-analysis,1,0.32,0
"examples of online travel agencies",17,10,3,3,0.07,N/A,https://www.hotelminder.com/10-online-travel-agencies-you-should-connect-to-today,1,0.32,0
"pms system hotel",35,20,4,5,0.87,N/A,https://www.hotelminder.com/best-hotel-property-management-systems,1,0.32,0
"marketing mix for hotel industry",13,10,2,4,0.00,N/A,https://www.hotelminder.com/which-hotel-marketing-mix-best-suits-your-property,1,0.32,0
"hotel property management software",4,10,3,3,1.00,N/A,https://www.hotelminder.com/best-hotel-property-management-systems,1,0.32,0
"hotel search engine marketing",4,10,3,2,0.00,N/A,https://www.hotelminder.com/the-secret-world-of-hotel-search-engine-marketing,1,0.32,0
"hotel booking engine for website free",44,10,2,3,0.00,N/A,https://www.hotelminder.com/best-hotel-website-booking-engines,1,0.32,0
"hotel revenue management software",12,10,2,2,0.00,N/A,https://www.hotelminder.com/best-hotel-revenue-management-systems,1,0.32,0
"hotel it systems",13,10,3,13,0.00,N/A,https://www.hotelminder.com/best-hotel-property-management-systems,1,0.32,0
"hotel pms",24,20,5,3,0.71,4.02,https://www.hotelminder.com/best-hotel-property-management-systems,1,0.32,4.9
"best hotel software systems",25,10,3,6,0.00,N/A,https://www.hotelminder.com/best-hotel-property-management-systems,1,0.32,0
"online booking engine",14,10,2,7,0.33,N/A,https://www.hotelminder.com/best-hotel-website-booking-engines,1,0.32,0
increasily,8,110,20,20,0.00,N/A,https://www.hotelminder.com/partner=Increasily,1,0.32,0
"best pms system",38,10,3,3,0.29,N/A,https://www.hotelminder.com/best-hotel-property-management-systems,1,0.32,0
"hotel reservation engine",18,10,2,1,0.00,N/A,https://www.hotelminder.com/best-hotel-website-booking-engines,1,0.32,0
"list of hotel property management systems",16,10,3,3,0.74,4.29,https://www.hotelminder.com/best-hotel-property-management-systems,1,0.32,4.89
"property management hotel",5,10,3,6,0.00,N/A,https://www.hotelminder.com/best-hotel-property-management-systems,1,0.32,0
"top pms systems",39,10,2,4,0.00,N/A,https://www.hotelminder.com/best-hotel-property-management-systems,1,0.32,0
"hotel property management system",25,10,3,3,1.00,N/A,https://www.hotelminder.com/best-hotel-property-management-systems,1,0.32,0
"booking engine software",18,10,3,1,0.00,N/A,https://www.hotelminder.com/best-hotel-website-booking-engines,1,0.32,0
"agoda reviews",25,140,24,24,0.15,0.30,https://www.hotelminder.com/partner=Agoda.com,1,0.32,0.42
"best online travel agencies",36,20,5,7,0.40,1.13,https://www.hotelminder.com/10-online-travel-agencies-you-should-connect-to-today,1,0.32,1.38
cloudbeds,16,150,18,21,0.25,0.96,https://www.hotelminder.com/partner=Cloudbeds,1,0.32,1.44
"top hotel pms",56,10,3,2,0.00,N/A,https://www.hotelminder.com/best-hotel-property-management-systems,1,0.32,0
beds24,16,140,15,16,0.02,N/A,https://www.hotelminder.com/partner=Beds24,1,0.32,0
"hotel check in system",14,10,3,21,0.00,N/A,https://www.hotelminder.com/best-hotel-online-self-check-in-and-kiosk-solutions,1,0.32,0
"top online travel agencies",28,10,2,6,0.48,N/A,https://www.hotelminder.com/10-online-travel-agencies-you-should-connect-to-today,1,0.32,0
"front office software names",33,10,7,9,0.00,N/A,https://www.hotelminder.com/best-hotel-property-management-systems,0,0.00,0
"vacation rental sites",73,10,81,81,0.00,N/A,https://www.hotelminder.com/best-vacation-rental-management-systems,0,0.00,0
"hotel system",13,10,25,22,0.00,N/A,https://www.hotelminder.com/best-hotel-property-management-systems,0,0.00,0
"towards zero waste",6,10,32,32,0.00,N/A,https://www.hotelminder.com/5-actions-towards-zero-waste-in-hotels-and-restaurants,0,0.00,0
"room revenue formula",11,10,41,62,0.00,N/A,https://www.hotelminder.com/top-hospitality-key-performance-indicators,0,0.00,0
"hotel search marketing",24,10,17,13,0.00,N/A,https://www.hotelminder.com/the-secret-world-of-hotel-search-engine-marketing,0,0.00,0
"hotel strategy",32,10,16,15,0.00,N/A,https://www.hotelminder.com/how-to-build-a-pricing-strategy-for-your-independent-hotel,0,0.00,0
"hotel booking sites list",46,10,16,21,0.86,N/A,https://www.hotelminder.com/best-hotel-website-booking-engines,0,0.00,0
"how to maximize hotel revenue",6,10,35,36,0.29,N/A,https://www.hotelminder.com/revenue-management,0,0.00,0
"sea vs sem",12,10,30,41,0.00,N/A,https://www.hotelminder.com/the-secret-world-of-hotel-search-engine-marketing,0,0.00,0
"top hotel review sites",33,10,41,41,0.57,N/A,https://www.hotelminder.com/the-importance-of-guest-reviews-for-independent-hotels,0,0.00,0
"how to cancel a hotel reservation without being charged",23,10,74,74,0.00,N/A,https://www.hotelminder.com/8-tips-to-reduce-last-minute-hotel-cancellations-and-no-shows,0,0.00,0
"promotion mix",54,140,59,97,0.01,N/A,https://www.hotelminder.com/which-hotel-marketing-mix-best-suits-your-property,0,0.00,0
"digital marketing trends in hospitality industry",4,10,75,71,0.29,N/A,https://www.hotelminder.com/how-to-create-a-hotel-marketing-plan,0,0.00,0
"website booking system",59,10,53,52,0.38,6.60,https://www.hotelminder.com/best-hotel-website-booking-engines,0,0.00,0
"what is the front office department in hotel operations",12,10,50,54,0.00,N/A,https://www.hotelminder.com/how-to-save-time-with-management-automatize-your-hotel-operations,0,0.00,0
"how to become zero waste",30,10,82,82,0.00,N/A,https://www.hotelminder.com/5-actions-towards-zero-waste-in-hotels-and-restaurants,0,0.00,0
"tripadvisor my reviews",16,40,15,19,0.07,0.49,https://www.hotelminder.com/ask-your-guests-for-reviews-on-tripadvisor-facebook-google,0,0.00,0.2
"hotel systems",22,10,8,10,0.63,1.51,https://www.hotelminder.com/best-hotel-property-management-systems,0,0.00,0.47
"property management solutions",28,10,23,23,0.21,N/A,https://www.hotelminder.com/best-hotel-property-management-systems,0,0.00,0
"revenue management for the hospitality industry",9,10,14,37,0.29,0.04,https://www.hotelminder.com/best-hotel-revenue-management-systems,0,0.00,0
"hotel digital marketing strategy",31,10,93,31,0.79,N/A,https://www.hotelminder.com/how-to-create-a-hotel-marketing-plan,0,0.00,0
"online hotel booking",68,90,37,34,0.83,3.40,https://www.hotelminder.com/4-ways-to-get-more-hotel-bookings,0,0.00,0
"how to improve front office operations in hotel",12,10,40,53,0.00,N/A,https://www.hotelminder.com/learn-back-office,0,0.00,0
"web based hotel management software",22,10,33,30,0.00,N/A,https://www.hotelminder.com/applications,0,0.00,0
"best booking site",69,10,28,42,0.63,2.27,https://www.hotelminder.com/best-hotel-website-booking-engines,0,0.00,0.23
"revenue management hotel",8,20,6,6,0.35,N/A,https://www.hotelminder.com/outsourced-revenue-management,0,0.00,0
"hotel website design",9,10,61,30,0.18,N/A,https://www.hotelminder.com/hotel-website,0,0.00,0
"hotel social media marketing",8,10,16,26,0.61,N/A,https://www.hotelminder.com/social-media-management,0,0.00,0
"tour review sample",15,10,67,67,0.00,N/A,https://www.hotelminder.com/10-online-travel-agencies-you-should-connect-to-today,0,0.00,0
"gdpr credit card",40,10,42,85,0.00,N/A,https://www.hotelminder.com/the-general-data-protection-regulation-GDPR-for-your-hotel,0,0.00,0
"best hotel booking site",61,50,37,43,0.86,3.97,https://www.hotelminder.com/best-hotel-website-booking-engines,0,0.00,0
"gdpr credit card details",23,10,44,56,0.57,N/A,https://www.hotelminder.com/the-general-data-protection-regulation-GDPR-for-your-hotel,0,0.00,0
"accommodation booking systems",16,10,7,8,0.86,N/A,https://www.hotelminder.com/best-hotel-website-booking-engines,0,0.00,0
"social media management",46,320,31,32,0.50,4.82,https://www.hotelminder.com/social-media-management,0,0.00,0
"family room description",28,10,88,88,0.00,N/A,https://www.hotelminder.com/how-to-configure-your-hotel-rooms-and-rooms-types,0,0.00,0
"best hotel search site",59,10,39,39,0.86,2.78,https://www.hotelminder.com/best-hotel-website-booking-engines,0,0.00,0
"hostelworld phone number",28,10,90,90,0.02,N/A,https://www.hotelminder.com/what-is-a-hotel-property-management-system,0,0.00,0
"zero waste examples",60,10,76,76,0.00,N/A,https://www.hotelminder.com/5-actions-towards-zero-waste-in-hotels-and-restaurants,0,0.00,0
"hotel campaign ideas",41,10,36,36,0.00,N/A,https://www.hotelminder.com/how-to-create-a-hotel-marketing-plan,0,0.00,0
"hotel room numbering standards",7,10,34,34,0.14,N/A,https://www.hotelminder.com/how-to-configure-your-hotel-rooms-and-rooms-types,0,0.00,0
"google adwords logo",23,20,76,76,0.01,N/A,https://www.hotelminder.com/google-ads-for-your-hotel-more-direct-bookings,0,0.00,0
"where to promote your instagram",71,10,73,73,0.00,N/A,https://www.hotelminder.com/how-to-promote-your-hotel-on-instagram,0,0.00,0
"creating a sales and marketing plan",61,10,74,74,0.57,N/A,https://www.hotelminder.com/how-to-create-a-hotel-marketing-plan,0,0.00,0
"how to improve hotel business",14,10,37,99,0.00,N/A,https://www.hotelminder.com/how-to-improve-hotel-operations-with-an-independent-consultant,0,0.00,0
"cancel credit card to avoid hotel charge",11,10,90,64,0.00,N/A,https://www.hotelminder.com/8-tips-to-reduce-last-minute-hotel-cancellations-and-no-shows,0,0.00,0
"booking com backend",24,10,45,52,0.00,N/A,https://www.hotelminder.com/best-hotel-website-booking-engines,0,0.00,0
"booking.com cancellation charge",20,10,86,86,0.14,0.57,https://www.hotelminder.com/8-tips-to-reduce-last-minute-hotel-cancellations-and-no-shows,0,0.00,0
"hospitality business plan",5,10,45,33,0.29,N/A,https://www.hotelminder.com/how-to-create-a-hotel-marketing-plan,0,0.00,0
"how can booking.com charge cancellation fee without credit card",20,10,89,89,0.14,N/A,https://www.hotelminder.com/8-tips-to-reduce-last-minute-hotel-cancellations-and-no-shows,0,0.00,0
"hotel booking online",61,90,48,44,0.83,3.40,https://www.hotelminder.com/best-hotel-website-booking-engines,0,0.00,0
"market penetration index",10,10,63,63,0.00,N/A,https://www.hotelminder.com/top-hospitality-key-performance-indicators,0,0.00,0
"the property management system",15,10,10,11,0.00,N/A,https://www.hotelminder.com/property-management-system,0,0.00,0
"what is an ota",38,10,41,12,0.00,N/A,https://www.hotelminder.com/gds-ota-metasearch-what-is-the-difference,0,0.00,0
"google trips review",21,10,80,80,0.00,N/A,https://www.hotelminder.com/google-maps-for-your-hotel-all-you-need-to-know,0,0.00,0
"front office services in hotel",25,10,36,29,0.00,N/A,https://www.hotelminder.com/learn-front-office,0,0.00,0
"online reservation system",25,10,49,54,0.89,N/A,https://www.hotelminder.com/best-hotel-website-booking-engines,0,0.00,0
"hotel booking application",59,10,16,48,0.00,N/A,https://www.hotelminder.com/best-hotel-website-booking-engines,0,0.00,0
"apartment booking sites",58,10,33,33,0.76,1.51,https://www.hotelminder.com/vacation-and-apartment-rentals-booking-systems,0,0.00,0
"social media marketing and management",31,10,37,58,0.71,N/A,https://www.hotelminder.com/social-media-management,0,0.00,0
"best site to book hotels",61,20,87,87,0.82,2.58,https://www.hotelminder.com/best-hotel-website-booking-engines,0,0.00,0
"what is pms hotel",22,10,8,3,0.43,N/A,https://www.hotelminder.com/what-is-a-hotel-property-management-system,0,0.00,0
"kpi formula",29,10,39,39,0.14,N/A,https://www.hotelminder.com/top-hospitality-key-performance-indicators,0,0.00,0
"recommendation for hotel services",16,10,96,72,0.00,N/A,https://www.hotelminder.com/the-importance-of-guest-reviews-for-independent-hotels,0,0.00,0
"learn social media management",41,10,51,43,0.00,N/A,https://www.hotelminder.com/social-media-management,0,0.00,0
"hotel target market example",16,10,5,5,0.00,N/A,https://www.hotelminder.com/identify-segment-and-target-your-hotel-customers,0,0.00,0
"best hotel management software",15,10,9,12,0.00,N/A,https://www.hotelminder.com/best-hotel-property-management-systems,0,0.00,0
"sustainable hotels",12,10,76,97,0.22,N/A,https://www.hotelminder.com/learn-sustainability,0,0.00,0
"how to market a hotel",42,10,77,77,0.21,N/A,https://www.hotelminder.com/how-to-run-a-facebook-ads-campaign-for-your-hotel,0,0.00,0
"opera pms price",6,10,38,33,0.00,N/A,https://www.hotelminder.com/best-hotel-property-management-systems,0,0.00,0
"product strategy marketing mix",49,10,68,68,0.43,N/A,https://www.hotelminder.com/which-hotel-marketing-mix-best-suits-your-property,0,0.00,0
"hospitality property management",19,10,32,36,0.00,N/A,https://www.hotelminder.com/best-hotel-property-management-systems,0,0.00,0
"types of property management system",19,10,6,5,0.71,N/A,https://www.hotelminder.com/best-hotel-property-management-systems,0,0.00,0
"hotel control system",20,10,21,21,0.00,N/A,https://www.hotelminder.com/best-hotel-property-management-systems,0,0.00,0
"frontdesk anywhere",6,10,31,15,0.13,N/A,https://www.hotelminder.com/partner=Frontdesk%20Anywhere,0,0.00,0
"pms hotel management software",24,10,4,9,0.00,N/A,https://www.hotelminder.com/best-hotel-property-management-systems,0,0.00,0
"hotel business strategy",14,10,29,40,0.00,N/A,https://www.hotelminder.com/how-to-create-a-hotel-marketing-plan,0,0.00,0
"best hotel software",15,10,27,27,0.00,N/A,https://www.hotelminder.com/best-hotel-revenue-management-systems,0,0.00,0
"online hotel booking sites",70,10,37,43,0.96,2.68,https://www.hotelminder.com/best-hotel-website-booking-engines,0,0.00,0
"search tripadvisor reviews",35,50,19,21,0.20,0.08,https://www.hotelminder.com/ask-your-guests-for-reviews-on-tripadvisor-facebook-google,0,0.00,0.04
"booking website design",15,10,86,66,0.00,N/A,https://www.hotelminder.com/8-simple-tips-for-a-great-hotel-website,0,0.00,0
"accommodation booking sites",64,20,50,65,0.74,1.82,https://www.hotelminder.com/best-hotel-website-booking-engines,0,0.00,0
"social media management systems",52,10,54,70,0.79,N/A,https://www.hotelminder.com/social-media-management,0,0.00,0
"marketing plan for hotel industry",21,10,5,2,0.00,N/A,https://www.hotelminder.com/how-to-create-a-hotel-marketing-plan,0,0.00,0
"hotel management software features",10,10,48,85,0.00,N/A,https://www.hotelminder.com/best-hotel-property-management-systems,0,0.00,0
"hotel social media strategy",9,10,17,20,1.00,N/A,https://www.hotelminder.com/social-media-management,0,0.00,0
"marketing strategies in hospitality industry",21,10,70,33,0.00,N/A,https://www.hotelminder.com/how-to-create-a-hotel-marketing-plan,0,0.00,0
"best kpi",47,10,59,59,0.14,N/A,https://www.hotelminder.com/top-hospitality-key-performance-indicators,0,0.00,0
"hospitality booking software",21,10,42,18,0.00,N/A,https://www.hotelminder.com/best-hotel-website-booking-engines,0,0.00,0
"marketing mix management",47,10,72,83,0.00,N/A,https://www.hotelminder.com/which-hotel-marketing-mix-best-suits-your-property,0,0.00,0
"hotel booking software",23,10,8,8,0.83,1.55,https://www.hotelminder.com/best-hotel-website-booking-engines,0,0.00,0.48
"small hotel room size",24,10,32,74,0.00,N/A,https://www.hotelminder.com/how-to-configure-your-hotel-rooms-and-rooms-types,0,0.00,0
"room booking websites",72,10,16,55,0.00,N/A,https://www.hotelminder.com/best-hotel-website-booking-engines,0,0.00,0
"what is retail mix",37,10,61,61,0.00,N/A,https://www.hotelminder.com/which-hotel-marketing-mix-best-suits-your-property,0,0.00,0
"hotel digital strategy",31,10,87,80,0.00,N/A,https://www.hotelminder.com/how-to-create-a-hotel-marketing-plan,0,0.00,0
"online hotel management system",28,10,30,72,0.00,N/A,https://www.hotelminder.com/applications,0,0.00,0
"front office operation",24,10,70,70,0.00,N/A,https://www.hotelminder.com/how-to-save-time-with-management-automatize-your-hotel-operations,0,0.00,0
"guest house management software",15,10,14,33,0.00,N/A,https://www.hotelminder.com/best-hotel-property-management-systems,0,0.00,0
"booking.com travel agent commission",28,10,84,84,0.00,N/A,https://www.hotelminder.com/10-online-travel-agencies-you-should-connect-to-today,0,0.00,0
"information systems used in hotel industry",5,10,66,66,0.14,N/A,https://www.hotelminder.com/best-hotel-property-management-systems,0,0.00,0
"front office hotel",25,10,28,39,0.00,N/A,https://www.hotelminder.com/learn-front-office,0,0.00,0
"kiosk system",24,10,10,11,0.21,N/A,https://www.hotelminder.com/online-check-in-solutions-and-kiosks-systems,0,0.00,0
"small hotel booking software",10,10,12,11,0.86,N/A,https://www.hotelminder.com/best-hotel-website-booking-engines,0,0.00,0
"last minute hotel rooms",16,30,78,76,0.86,1.55,https://www.hotelminder.com/8-tips-to-reduce-last-minute-hotel-cancellations-and-no-shows,0,0.00,0
"online hotel booking software",11,10,7,8,0.06,N/A,https://www.hotelminder.com/best-hotel-website-booking-engines,0,0.00,0
"how to write a marketing mix",66,10,76,80,0.14,N/A,https://www.hotelminder.com/which-hotel-marketing-mix-best-suits-your-property,0,0.00,0
"front office procedures in hotels",35,10,92,92,0.00,N/A,https://www.hotelminder.com/how-to-save-time-with-management-automatize-your-hotel-operations,0,0.00,0
"sell my hotel reservation",13,10,62,62,0.00,N/A,https://www.hotelminder.com/best-hotel-website-booking-engines,0,0.00,0
"hotel marketing strategy",27,10,17,14,0.50,N/A,https://www.hotelminder.com/how-to-create-a-hotel-marketing-plan,0,0.00,0
"how to manage facebook page",48,10,23,16,0.14,N/A,https://www.hotelminder.com/ten-tips-to-better-manage-your-hotel-facebook-page,0,0.00,0
"point of sale management system",28,10,27,27,0.00,N/A,https://www.hotelminder.com/point-of-sales-systems,0,0.00,0
"how to make your instagram bio longer than 150 characters",21,10,95,95,0.00,N/A,https://www.hotelminder.com/how-to-promote-your-hotel-on-instagram,0,0.00,0
"hotel software solutions",16,10,15,14,0.00,N/A,https://www.hotelminder.com/best-hotel-property-management-systems,0,0.00,0
"best hotel booking sites",61,50,45,47,0.86,3.97,https://www.hotelminder.com/best-hotel-website-booking-engines,0,0.00,0
"zero waste restaurant",8,10,22,22,0.03,N/A,https://www.hotelminder.com/5-actions-towards-zero-waste-in-hotels-and-restaurants,0,0.00,0
"pms meaning hotel",17,10,5,5,0.00,N/A,https://www.hotelminder.com/what-is-a-hotel-property-management-system,0,0.00,0
"marketing action plan",67,10,84,84,0.08,N/A,https://www.hotelminder.com/how-to-create-a-hotel-marketing-plan,0,0.00,0
"property management system definition",15,10,10,10,0.29,N/A,https://www.hotelminder.com/what-is-a-hotel-property-management-system,0,0.00,0
"marketing mix example",69,50,73,66,0.04,N/A,https://www.hotelminder.com/which-hotel-marketing-mix-best-suits-your-property,0,0.00,0
"business plan for hotel and resort",6,10,80,80,0.00,N/A,https://www.hotelminder.com/how-to-create-a-hotel-marketing-plan,0,0.00,0
"hotel bedroom",12,30,44,97,0.01,N/A,https://www.hotelminder.com/how-to-configure-your-hotel-rooms-and-rooms-types,0,0.00,0
"hotel management system description",9,10,40,51,0.00,N/A,https://www.hotelminder.com/applications,0,0.00,0
"marketing in hospitality industry",24,10,48,14,0.14,N/A,https://www.hotelminder.com/how-to-create-a-hotel-marketing-plan,0,0.00,0
"best hotel customer service experience",27,10,47,37,0.00,N/A,https://www.hotelminder.com/how-to-personalize-guest-experience-and-create-loyal-customers,0,0.00,0
"google hotel ads",15,30,56,60,0.29,2.60,https://www.hotelminder.com/google-ads-for-your-hotel-more-direct-bookings,0,0.00,0
"hotel distribution strategy",6,10,16,28,0.00,N/A,https://www.hotelminder.com/learn-distribution-strategy,0,0.00,0
"best travel agents online",47,20,20,25,0.40,1.13,https://www.hotelminder.com/10-online-travel-agencies-you-should-connect-to-today,0,0.00,0.23
"hotel softwares list",22,10,8,9,0.00,N/A,https://www.hotelminder.com/best-hotel-property-management-systems,0,0.00,0
"systems used in hotels",22,10,11,10,0.00,N/A,https://www.hotelminder.com/best-hotel-property-management-systems,0,0.00,0
"hotel marketing ideas",40,10,37,25,0.53,N/A,https://www.hotelminder.com/how-to-create-a-hotel-marketing-plan,0,0.00,0
"yield management",15,20,89,58,0.05,N/A,https://www.hotelminder.com/revenue-management,0,0.00,0
"food waste hotel",4,10,33,32,0.00,N/A,https://www.hotelminder.com/5-actions-towards-zero-waste-in-hotels-and-restaurants,0,0.00,0
"marketing mix place example",69,10,60,65,0.00,N/A,https://www.hotelminder.com/which-hotel-marketing-mix-best-suits-your-property,0,0.00,0
"adr meaning hotel",19,10,43,54,0.00,N/A,https://www.hotelminder.com/top-hospitality-key-performance-indicators,0,0.00,0
"revenue management for hotels",8,10,5,8,0.35,N/A,https://www.hotelminder.com/best-hotel-revenue-management-systems,0,0.00,0
"online travel agencies",20,10,21,17,0.72,1.68,https://www.hotelminder.com/10-online-travel-agencies-you-should-connect-to-today,0,0.00,0.17
"distribution strategy in marketing",43,10,98,80,0.06,N/A,https://www.hotelminder.com/learn-distribution-strategy,0,0.00,0
"effective marketing plan",71,10,59,59,0.07,N/A,https://www.hotelminder.com/how-to-create-a-hotel-marketing-plan,0,0.00,0
"book secure hotel",15,10,4,7,0.00,N/A,https://www.hotelminder.com/best-hotel-website-booking-engines,0,0.00,0
"marketing strategies for hotels and resorts",44,10,73,73,0.62,N/A,https://www.hotelminder.com/how-to-create-a-hotel-marketing-plan,0,0.00,0
"adr hotel",29,10,48,90,0.03,N/A,https://www.hotelminder.com/top-hospitality-key-performance-indicators,0,0.00,0
"secure hotels reservations",48,10,27,11,0.29,N/A,https://www.hotelminder.com/best-hotel-website-booking-engines,0,0.00,0
"hotel management apps",54,10,40,27,0.00,N/A,https://www.hotelminder.com/applications,0,0.00,0
"hotel review websites",40,10,42,25,0.69,2.41,https://www.hotelminder.com/the-importance-of-guest-reviews-for-independent-hotels,0,0.00,0
"what is the best room in a hotel called",17,10,21,57,0.00,N/A,https://www.hotelminder.com/how-to-configure-your-hotel-rooms-and-rooms-types,0,0.00,0
"travel agency services list",25,10,97,97,0.00,N/A,https://www.hotelminder.com/10-online-travel-agencies-you-should-connect-to-today,0,0.00,0
"social media management services",24,10,42,42,0.37,3.39,https://www.hotelminder.com/social-media-management,0,0.00,0
"marketing mix articles",25,10,81,64,0.00,N/A,https://www.hotelminder.com/which-hotel-marketing-mix-best-suits-your-property,0,0.00,0
"google hotel ads commission program",15,10,82,56,0.29,N/A,https://www.hotelminder.com/google-maps-for-your-hotel-all-you-need-to-know,0,0.00,0
"booking systems",47,20,60,43,0.64,1.69,https://www.hotelminder.com/best-hotel-website-booking-engines,0,0.00,0
"tripadvisor write review",33,20,11,30,0.10,0.10,https://www.hotelminder.com/ask-your-guests-for-reviews-on-tripadvisor-facebook-google,0,0.00,0.02
"branding hotels",5,10,26,47,0.19,N/A,https://www.hotelminder.com/branding,0,0.00,0
"hotel marketing strategy examples",39,10,28,18,0.00,N/A,https://www.hotelminder.com/how-to-create-a-hotel-marketing-plan,0,0.00,0
"small hotel management",8,10,10,13,0.00,N/A,https://www.hotelminder.com/best-hotel-property-management-systems,0,0.00,0
"top travel agencies",37,10,54,43,0.14,1.60,https://www.hotelminder.com/10-online-travel-agencies-you-should-connect-to-today,0,0.00,0
"best site to find hotels",57,10,72,72,0.57,N/A,https://www.hotelminder.com/best-hotel-website-booking-engines,0,0.00,0
"hotel software",25,20,77,78,0.54,2.73,https://www.hotelminder.com/partner?id=OTA%20Sync/top-hotel-software,0,0.00,0
"best marketing mix",60,10,46,52,0.00,N/A,https://www.hotelminder.com/which-hotel-marketing-mix-best-suits-your-property,0,0.00,0
"pms management system",31,10,12,11,0.00,N/A,https://www.hotelminder.com/best-hotel-property-management-systems,0,0.00,0
"hotel symbol on map",5,10,26,17,0.00,N/A,https://www.hotelminder.com/google-maps-for-your-hotel-all-you-need-to-know,0,0.00,0
"creative hotel sales ideas",45,10,51,51,0.00,N/A,https://www.hotelminder.com/how-to-create-a-hotel-marketing-plan,0,0.00,0
"small hotel business plan",6,10,59,40,0.43,N/A,https://www.hotelminder.com/how-to-create-a-hotel-marketing-plan,0,0.00,0
"best hotel management",13,10,86,86,0.00,N/A,https://www.hotelminder.com/best-hotel-property-management-systems,0,0.00,0
"a point of sale",38,10,77,77,0.00,N/A,https://www.hotelminder.com/point-of-sales-systems,0,0.00,0
"definition of hotel management system",5,10,13,45,0.00,N/A,https://www.hotelminder.com/what-is-a-hotel-property-management-system,0,0.00,0
"sell hotel room",9,10,41,63,0.19,N/A,https://www.hotelminder.com/4-ways-to-get-more-hotel-bookings,0,0.00,0
"small hotel management software",9,10,9,11,0.00,N/A,https://www.hotelminder.com/best-hotel-property-management-systems,0,0.00,0
"bed bank industry",5,10,62,78,0.00,N/A,https://www.hotelminder.com/gds-ota-metasearch-what-is-the-difference,0,0.00,0
"rms property management",18,10,74,97,0.00,N/A,https://www.hotelminder.com/best-hotel-revenue-management-systems,0,0.00,0
"hotel reservation sites",61,10,24,32,0.86,3.05,https://www.hotelminder.com/best-hotel-website-booking-engines,0,0.00,0.31
"sales and marketing in hospitality industry",35,10,82,82,0.00,N/A,https://www.hotelminder.com/how-to-create-a-hotel-marketing-plan,0,0.00,0
"hotel marketing articles",23,10,20,27,0.00,N/A,https://www.hotelminder.com/learn-online-marketing,0,0.00,0
"hotel advertisements",19,10,43,34,0.24,N/A,https://www.hotelminder.com/is-metasearch-advertising-worth-it,0,0.00,0
"property management platform",13,10,94,89,0.00,N/A,https://www.hotelminder.com/property-management-system,0,0.00,0
"seo sea",11,10,90,90,0.06,N/A,https://www.hotelminder.com/the-secret-world-of-hotel-search-engine-marketing,0,0.00,0
"secure hotel reservations review",24,10,27,32,0.00,N/A,https://www.hotelminder.com/best-hotel-website-booking-engines,0,0.00,0
"template website hotel free",22,10,53,71,0.14,N/A,https://www.hotelminder.com/hotel-website,0,0.00,0
"little hotelier review",6,10,19,19,0.50,4.18,https://www.hotelminder.com/partner=Little%20Hotelier,0,0.00,0.42
"hotel online marketing",23,10,57,55,0.33,N/A,https://www.hotelminder.com/learn-online-marketing,0,0.00,0
"hotel distribution channels ppt",6,10,76,65,0.19,N/A,https://www.hotelminder.com/identify-segment-and-target-your-hotel-customers,0,0.00,0
"ota meaning",14,50,51,51,0.00,N/A,https://www.hotelminder.com/gds-ota-metasearch-what-is-the-difference,0,0.00,0
"benefits of property management system",5,10,51,20,0.57,N/A,https://www.hotelminder.com/what-is-a-hotel-property-management-system,0,0.00,0
"sales distribution strategy",43,10,20,20,0.14,N/A,https://www.hotelminder.com/learn-distribution-strategy,0,0.00,0
"accommodation software",12,10,51,52,0.00,N/A,https://www.hotelminder.com/best-hotel-property-management-systems,0,0.00,0
"front office system software",16,10,58,56,0.00,N/A,https://www.hotelminder.com/best-hotel-property-management-systems,0,0.00,0
"hotel website content",5,10,9,18,0.00,N/A,https://www.hotelminder.com/8-simple-tips-for-a-great-hotel-website,0,0.00,0
"competitor analysis table",20,10,57,72,0.14,N/A,https://www.hotelminder.com/how-to-create-your-hotel-competitive-set-analysis,0,0.00,0
"tripadvisor account setup",15,10,29,37,0.00,N/A,https://www.hotelminder.com/ask-your-guests-for-reviews-on-tripadvisor-facebook-google,0,0.00,0
"how to calculate kpi performance",40,10,66,66,0.00,N/A,https://www.hotelminder.com/top-hospitality-key-performance-indicators,0,0.00,0
"hotel food waste management",6,10,59,56,0.00,N/A,https://www.hotelminder.com/5-actions-towards-zero-waste-in-hotels-and-restaurants,0,0.00,0
"marketing in hotel industry",33,10,11,11,0.43,N/A,https://www.hotelminder.com/how-to-create-a-hotel-marketing-plan,0,0.00,0
"4 marketing mix",81,10,99,99,0.29,N/A,https://www.hotelminder.com/which-hotel-marketing-mix-best-suits-your-property,0,0.00,0
"hotel website design templates",11,10,27,36,0.00,N/A,https://www.hotelminder.com/hotel-website,0,0.00,0
"best website to find hotels",67,10,36,36,0.43,1.61,https://www.hotelminder.com/best-hotel-website-booking-engines,0,0.00,0
"hotel usp examples",4,10,54,51,0.00,N/A,https://www.hotelminder.com/how-to-create-a-hotel-marketing-plan,0,0.00,0
"property management systems examples",26,10,4,7,0.00,N/A,https://www.hotelminder.com/best-hotel-property-management-systems,0,0.00,0
"hotel booking sites",59,210,81,81,0.90,3.16,https://www.hotelminder.com/best-hotel-website-booking-engines,0,0.00,0
"sales and marketing department in hotel",5,10,85,83,0.00,N/A,https://www.hotelminder.com/how-to-create-a-hotel-marketing-plan,0,0.00,0
"sea vs seo",2,10,92,98,0.43,N/A,https://www.hotelminder.com/the-secret-world-of-hotel-search-engine-marketing,0,0.00,0
"property management systems",24,20,8,7,0.79,15.43,https://www.hotelminder.com/property-management-system,0,0.00,9.57
"booking.com no show",16,10,47,30,0.14,N/A,https://www.hotelminder.com/8-tips-to-reduce-last-minute-hotel-cancellations-and-no-shows,0,0.00,0
"best hotel search website",71,10,19,19,0.86,N/A,https://www.hotelminder.com/best-hotel-website-booking-engines,0,0.00,0
"market mix place",39,10,41,42,0.00,N/A,https://www.hotelminder.com/which-hotel-marketing-mix-best-suits-your-property,0,0.00,0
"small hotel software",8,10,52,74,1.00,N/A,https://www.hotelminder.com/best-hotel-revenue-management-systems,0,0.00,0
"rms solutions",13,10,43,43,0.86,N/A,https://www.hotelminder.com/best-hotel-revenue-management-systems,0,0.00,0
"pricing objectives and strategies",30,10,83,83,0.29,N/A,https://www.hotelminder.com/how-to-build-a-pricing-strategy-for-your-independent-hotel,0,0.00,0
"booking.com no cancellation policy",23,10,52,52,0.71,N/A,https://www.hotelminder.com/8-tips-to-reduce-last-minute-hotel-cancellations-and-no-shows,0,0.00,0
"social media marketing hotel",12,10,14,17,0.61,N/A,https://www.hotelminder.com/social-media-management,0,0.00,0
"how to promote a hotel online",32,10,34,45,0.00,N/A,https://www.hotelminder.com/4-ways-to-get-more-hotel-bookings,0,0.00,0
"cloud hotel management software",45,10,79,96,0.00,N/A,https://www.hotelminder.com/applications,0,0.00,0
"simple hotel design",26,10,90,22,0.00,N/A,https://www.hotelminder.com/8-simple-tips-for-a-great-hotel-website,0,0.00,0
"examples of online booking systems",22,10,31,73,0.00,N/A,https://www.hotelminder.com/best-hotel-website-booking-engines,0,0.00,0
"property management computer software",7,10,58,58,0.00,N/A,https://www.hotelminder.com/property-management-system,0,0.00,0
"hotel direct",7,70,35,39,0.56,1.62,https://www.hotelminder.com/learn-direct-bookings,0,0.00,0
"ota online travel agency",13,10,7,29,0.57,N/A,https://www.hotelminder.com/10-online-travel-agencies-you-should-connect-to-today,0,0.00,0
"cloud based hotel software",36,10,28,43,0.00,N/A,https://www.hotelminder.com/best-hotel-property-management-systems,0,0.00,0
"what is hotel reservation system",23,10,13,16,0.79,N/A,https://www.hotelminder.com/best-hotel-website-booking-engines,0,0.00,0
"hotel front office software",17,10,26,11,0.00,N/A,https://www.hotelminder.com/best-hotel-property-management-systems,0,0.00,0
"online travel agency business model",8,10,17,14,0.00,N/A,https://www.hotelminder.com/online-travel-agencies-an-essential-part-of-your-distribution-strategy,0,0.00,0
"online travel booking sites",62,10,52,52,0.00,N/A,https://www.hotelminder.com/10-online-travel-agencies-you-should-connect-to-today,0,0.00,0
"hotel pos",7,10,30,30,0.69,N/A,https://www.hotelminder.com/point-of-sales-systems,0,0.00,0
"hotel websites",74,260,68,68,0.88,3.14,https://www.hotelminder.com/hotel-website,0,0.00,0
"how to get more bookings on booking com",6,10,17,54,0.14,N/A,https://www.hotelminder.com/4-ways-to-get-more-hotel-bookings,0,0.00,0
"hotel pms comparison",18,10,4,4,0.00,N/A,https://www.hotelminder.com/best-hotel-property-management-systems,0,0.00,0
"hotel information system notes",6,10,39,39,0.00,N/A,https://www.hotelminder.com/best-hotel-online-self-check-in-and-kiosk-solutions,0,0.00,0
"room management system rms",15,10,8,13,0.00,N/A,https://www.hotelminder.com/best-hotel-revenue-management-systems,0,0.00,0
"top hotel pms software",17,10,4,5,0.00,N/A,https://www.hotelminder.com/best-hotel-property-management-systems,0,0.00,0
"hotel sales and marketing strategies",41,10,17,30,0.00,N/A,https://www.hotelminder.com/how-to-create-a-hotel-marketing-plan,0,0.00,0
"free hotel reservation system",30,10,37,56,0.00,N/A,https://www.hotelminder.com/best-hotel-website-booking-engines,0,0.00,0
"hotel marketing tools",15,10,44,37,0.00,N/A,https://www.hotelminder.com/which-hotel-marketing-mix-best-suits-your-property,0,0.00,0
"hospitality point of sale",4,10,41,40,0.00,N/A,https://www.hotelminder.com/point-of-sales-systems,0,0.00,0
"marketing mix promotion strategy",68,10,73,73,0.29,N/A,https://www.hotelminder.com/which-hotel-marketing-mix-best-suits-your-property,0,0.00,0
"simple site cancellation",14,10,98,98,0.00,N/A,https://www.hotelminder.com/8-tips-to-reduce-last-minute-hotel-cancellations-and-no-shows,0,0.00,0
"best online travel booking sites",52,10,100,91,0.00,N/A,https://www.hotelminder.com/10-online-travel-agencies-you-should-connect-to-today,0,0.00,0
"performance direct cancellation fee",5,10,57,57,0.00,N/A,https://www.hotelminder.com/8-tips-to-reduce-last-minute-hotel-cancellations-and-no-shows,0,0.00,0
"best search engine hotels",53,20,54,47,0.71,1.75,https://www.hotelminder.com/best-hotel-website-booking-engines,0,0.00,0
"last minute hotel reservations",39,10,52,79,0.00,N/A,https://www.hotelminder.com/8-tips-to-reduce-last-minute-hotel-cancellations-and-no-shows,0,0.00,0
"different types of property management system",25,10,4,6,0.00,N/A,https://www.hotelminder.com/best-hotel-property-management-systems,0,0.00,0
"hotel management reviews",13,10,40,37,0.00,N/A,https://www.hotelminder.com/the-importance-of-guest-reviews-for-independent-hotels,0,0.00,0
"hotel branding",47,10,54,26,0.19,N/A,https://www.hotelminder.com/branding,0,0.00,0
"recommendation for hotel improvement",6,10,86,86,0.00,N/A,https://www.hotelminder.com/best-hotel-revenue-management-systems,0,0.00,0
"financial indicators examples",31,10,87,87,0.00,N/A,https://www.hotelminder.com/top-hospitality-key-performance-indicators,0,0.00,0
"hotel service marketing",22,10,41,50,0.05,N/A,https://www.hotelminder.com/which-hotel-marketing-mix-best-suits-your-property,0,0.00,0
"number 1 travel website",56,10,68,68,0.00,N/A,https://www.hotelminder.com/10-online-travel-agencies-you-should-connect-to-today,0,0.00,0
"social media management and marketing",48,10,64,49,0.00,N/A,https://www.hotelminder.com/social-media-management,0,0.00,0
"how to identify prospective customers",41,10,83,83,0.00,N/A,https://www.hotelminder.com/identify-segment-and-target-your-hotel-customers,0,0.00,0
"place in marketing mix",74,50,51,61,0.02,N/A,https://www.hotelminder.com/which-hotel-marketing-mix-best-suits-your-property,0,0.00,0
"self check",45,10,71,48,0.00,N/A,https://www.hotelminder.com/best-hotel-online-self-check-in-and-kiosk-solutions,0,0.00,0
"popular point of sale systems",33,10,89,74,0.00,N/A,https://www.hotelminder.com/point-of-sales-systems,0,0.00,0
"travel agency online booking",27,10,86,86,1.00,3.65,https://www.hotelminder.com/10-online-travel-agencies-you-should-connect-to-today,0,0.00,0
"hotel web page design",5,10,36,66,0.14,N/A,https://www.hotelminder.com/hotel-website,0,0.00,0
"hotel marketing plan",20,10,4,3,0.37,N/A,https://www.hotelminder.com/how-to-create-a-hotel-marketing-plan,0,0.00,0
"hotel calendar software",39,10,27,19,0.00,N/A,https://www.hotelminder.com/best-hotel-property-management-systems,0,0.00,0
"hotel reservation systems",21,20,8,7,0.64,11.78,https://www.hotelminder.com/best-hotel-website-booking-engines,0,0.00,7.3
"4p place",80,10,83,83,0.00,N/A,https://www.hotelminder.com/which-hotel-marketing-mix-best-suits-your-property,0,0.00,0
"financial kpi formulas",9,10,42,42,0.00,N/A,https://www.hotelminder.com/top-hospitality-key-performance-indicators,0,0.00,0
"airbnb reviews tripadvisor",21,10,26,12,0.00,N/A,https://www.hotelminder.com/ask-your-guests-for-reviews-on-tripadvisor-facebook-google,0,0.00,0
"revenue management tools",11,10,11,7,0.07,N/A,https://www.hotelminder.com/best-hotel-revenue-management-systems,0,0.00,0
"front office in hotel",16,10,30,48,0.00,N/A,https://www.hotelminder.com/learn-front-office,0,0.00,0
"hotelbeds wikipedia",40,10,81,81,0.00,N/A,https://www.hotelminder.com/best-hotel-channel-manager-systems,0,0.00,0
"how to promote a hotel",36,10,16,31,0.00,N/A,https://www.hotelminder.com/how-to-promote-your-hotel-on-instagram,0,0.00,0
"hotel computer systems",41,10,12,12,1.00,N/A,https://www.hotelminder.com/best-hotel-property-management-systems,0,0.00,0
"top hotel booking sites",58,10,35,36,0.86,N/A,https://www.hotelminder.com/best-hotel-website-booking-engines,0,0.00,0
"marketing mix product strategy",59,10,55,55,0.43,N/A,https://www.hotelminder.com/which-hotel-marketing-mix-best-suits-your-property,0,0.00,0
"functions of hotel management system",12,10,49,44,0.57,N/A,https://www.hotelminder.com/best-hotel-property-management-systems,0,0.00,0
"free hotel management app",17,10,61,61,0.00,N/A,https://www.hotelminder.com/best-hotel-property-management-systems,0,0.00,0
"web based booking system",56,10,50,76,0.00,N/A,https://www.hotelminder.com/best-hotel-website-booking-engines,0,0.00,0
"what is pricing and revenue management",19,10,76,80,0.00,N/A,https://www.hotelminder.com/revenue-management-systems,0,0.00,0
"resort booking software",43,10,91,60,0.00,N/A,https://www.hotelminder.com/best-hotel-website-booking-engines,0,0.00,0
"amazing hotel websites",23,10,42,42,0.46,N/A,https://www.hotelminder.com/8-simple-tips-for-a-great-hotel-website,0,0.00,0
"pay for hotel online",20,10,88,71,0.73,2.30,https://www.hotelminder.com/10-ways-to-get-more-direct-bookings,0,0.00,0
"most popular hotel software",24,10,5,8,0.00,N/A,https://www.hotelminder.com/best-hotel-property-management-systems,0,0.00,0
"restaurant waste",25,10,84,84,0.07,N/A,https://www.hotelminder.com/5-actions-towards-zero-waste-in-hotels-and-restaurants,0,0.00,0
"top 10 travel sites",61,10,33,33,0.33,N/A,https://www.hotelminder.com/10-online-travel-agencies-you-should-connect-to-today,0,0.00,0
"opera hotel management software",7,10,61,61,0.71,N/A,https://www.hotelminder.com/best-hotel-property-management-systems,0,0.00,0
"revenue control",6,10,15,15,0.00,N/A,https://www.hotelminder.com/outsourced-revenue-management,0,0.00,0
"how to improve hotel marketing",45,10,19,19,0.00,N/A,https://www.hotelminder.com/how-to-create-a-hotel-marketing-plan,0,0.00,0
"sales promotion ideas for hotels",62,10,53,43,0.00,N/A,https://www.hotelminder.com/how-to-create-a-hotel-marketing-plan,0,0.00,0
"hotel revenue management courses",13,10,87,87,0.82,1.11,https://www.hotelminder.com/best-hotel-revenue-management-systems,0,0.00,0
"market mix 4ps",84,10,73,73,0.00,N/A,https://www.hotelminder.com/which-hotel-marketing-mix-best-suits-your-property,0,0.00,0
"social content management system",60,10,63,63,0.00,N/A,https://www.hotelminder.com/social-media-management,0,0.00,0
"opera system in front office",4,10,77,77,0.10,N/A,https://www.hotelminder.com/best-hotel-property-management-systems,0,0.00,0
"hotel maintenance software",8,10,62,52,0.00,N/A,https://www.hotelminder.com/best-hotel-property-management-systems,0,0.00,0
"top kpis",54,10,99,99,0.14,N/A,https://www.hotelminder.com/top-hospitality-key-performance-indicators,0,0.00,0
"how does housekeeping contribute to earning profits in a hotel",6,10,45,57,0.00,N/A,https://www.hotelminder.com/top-hospitality-key-performance-indicators,0,0.00,0
"beds24 channel manager",14,50,41,39,0.41,N/A,https://www.hotelminder.com/partner=Beds24,0,0.00,0
"secret search engine",61,10,57,57,0.14,0.63,https://www.hotelminder.com/the-secret-world-of-hotel-search-engine-marketing,0,0.00,0
"hotel revenue management",13,20,7,12,0.35,N/A,https://www.hotelminder.com/outsourced-revenue-management,0,0.00,0
"hotel features list",33,10,49,49,0.00,N/A,https://www.hotelminder.com/best-hotel-property-management-systems,0,0.00,0
"hotel computer software",33,10,26,26,0.00,N/A,https://www.hotelminder.com/best-hotel-property-management-systems,0,0.00,0
"promote instagram profile",58,10,99,99,0.00,N/A,https://www.hotelminder.com/how-to-promote-your-hotel-on-instagram,0,0.00,0
"metasearch engine",16,10,53,77,0.11,2.39,https://www.hotelminder.com/is-metasearch-advertising-worth-it,0,0.00,0
"what is front office and back office",31,10,90,90,0.00,N/A,https://www.hotelminder.com/learn-back-office,0,0.00,0
"hotel suite search engine",36,10,82,82,0.00,N/A,https://www.hotelminder.com/google-maps-for-your-hotel-all-you-need-to-know,0,0.00,0
"market distribution strategy",40,10,58,58,0.14,N/A,https://www.hotelminder.com/learn-distribution-strategy,0,0.00,0
"financial plan hotel",5,10,40,43,0.00,N/A,https://www.hotelminder.com/how-to-create-a-hotel-marketing-plan,0,0.00,0
"pms software",43,10,8,11,0.88,N/A,https://www.hotelminder.com/best-hotel-property-management-systems,0,0.00,0
"best hotel booking website",63,40,15,13,0.83,1.93,https://www.hotelminder.com/best-hotel-website-booking-engines,0,0.00,0.77
"hotel reviewer",16,10,72,72,0.43,N/A,https://www.hotelminder.com/the-importance-of-guest-reviews-for-independent-hotels,0,0.00,0
"front office department in hotel operations",52,10,56,57,0.00,N/A,https://www.hotelminder.com/how-to-save-time-with-management-automatize-your-hotel-operations,0,0.00,0
"hotel booking system",17,10,5,6,0.64,N/A,https://www.hotelminder.com/best-hotel-website-booking-engines,0,0.00,0
"promotion strategy marketing mix",73,10,69,82,0.29,N/A,https://www.hotelminder.com/which-hotel-marketing-mix-best-suits-your-property,0,0.00,0
"hotel front desk system",45,10,54,42,0.00,N/A,https://www.hotelminder.com/property-management-systems,0,0.00,0
"promote instagram post",82,30,91,91,0.14,4.15,https://www.hotelminder.com/how-to-promote-your-hotel-on-instagram,0,0.00,0
"hotel reservation system",23,20,9,8,0.64,11.78,https://www.hotelminder.com/best-hotel-website-booking-engines,0,0.00,6.13
"point of sales",40,30,68,26,0.25,2.60,https://www.hotelminder.com/point-of-sales-systems,0,0.00,0
"hotel booking website ranking",42,10,32,28,0.00,N/A,https://www.hotelminder.com/best-hotel-website-booking-engines,0,0.00,0
"price management software",5,10,77,77,0.00,N/A,https://www.hotelminder.com/revenue-management-systems,0,0.00,0
"4p promotion",73,10,94,94,0.00,N/A,https://www.hotelminder.com/which-hotel-marketing-mix-best-suits-your-property,0,0.00,0
"online travel agents",34,80,28,24,0.72,1.74,https://www.hotelminder.com/10-online-travel-agencies-you-should-connect-to-today,0,0.00,1.39
"hotel booking system software",8,10,9,8,0.00,N/A,https://www.hotelminder.com/best-hotel-website-booking-engines,0,0.00,0
"hotel marketing mix 7ps",29,10,16,40,0.00,N/A,https://www.hotelminder.com/which-hotel-marketing-mix-best-suits-your-property,0,0.00,0
"hotel management tools",13,10,35,23,0.00,N/A,https://www.hotelminder.com/best-hotel-property-management-systems,0,0.00,0
"aspect back office",10,10,52,62,0.00,N/A,https://www.hotelminder.com/learn-back-office,0,0.00,0
"instagram promote",64,90,66,81,0.28,1.09,https://www.hotelminder.com/how-to-promote-your-hotel-on-instagram,0,0.00,0
"zero waste food",27,10,68,68,0.00,N/A,https://www.hotelminder.com/5-actions-towards-zero-waste-in-hotels-and-restaurants,0,0.00,0
"hotel management system software",18,10,27,14,0.93,N/A,https://www.hotelminder.com/best-hotel-property-management-systems,0,0.00,0
"hotel software packages",9,10,6,8,0.00,N/A,https://www.hotelminder.com/best-hotel-property-management-systems,0,0.00,0
"pms computer system",33,10,12,9,0.00,N/A,https://www.hotelminder.com/best-hotel-property-management-systems,0,0.00,0
"tripadvisor review",36,390,35,27,0.13,N/A,https://www.hotelminder.com/ask-your-guests-for-reviews-on-tripadvisor-facebook-google,0,0.00,0
"booking backend",18,10,69,69,0.00,N/A,https://www.hotelminder.com/best-hotel-website-booking-engines,0,0.00,0
"cloudbeds login",31,110,47,34,0.00,N/A,https://www.hotelminder.com/partner=Cloudbeds,0,0.00,0
"best hotel management system",15,10,7,12,0.00,N/A,https://www.hotelminder.com/best-hotel-property-management-systems,0,0.00,0
"promote my instagram",61,10,64,64,0.90,2.53,https://www.hotelminder.com/how-to-promote-your-hotel-on-instagram,0,0.00,0
"hotel operations management",8,20,15,12,0.12,0.21,https://www.hotelminder.com/operations-management,0,0.00,0.04
"what is pms software",30,10,17,10,0.00,N/A,https://www.hotelminder.com/what-is-a-hotel-property-management-system,0,0.00,0
"hotel management system",9,10,22,74,0.90,N/A,https://www.hotelminder.com/best-hotel-property-management-systems,0,0.00,0
"front office of hotel",13,10,25,23,0.00,N/A,https://www.hotelminder.com/learn-front-office,0,0.00,0
"back office kpi examples",16,10,56,98,0.00,N/A,https://www.hotelminder.com/top-hospitality-key-performance-indicators,0,0.00,0
"social media and management",45,10,45,27,0.00,N/A,https://www.hotelminder.com/social-media-management,0,0.00,0
"reservation system software",29,10,95,95,0.00,N/A,https://www.hotelminder.com/best-hotel-website-booking-engines,0,0.00,0
"online hotel booking websites",52,10,18,21,0.71,N/A,https://www.hotelminder.com/best-hotel-website-booking-engines,0,0.00,0
"best hotel reservation site",69,10,9,9,0.00,N/A,https://www.hotelminder.com/best-hotel-website-booking-engines,0,0.00,0
"online booking solution",49,10,61,82,0.71,N/A,https://www.hotelminder.com/best-hotel-website-booking-engines,0,0.00,0
"hotel management software list",14,10,10,10,0.86,N/A,https://www.hotelminder.com/best-hotel-property-management-systems,0,0.00,0
"marketing mix",79,1000,59,72,0.00,N/A,https://www.hotelminder.com/which-hotel-marketing-mix-best-suits-your-property,0,0.00,0
"pms system meaning",21,10,9,9,0.57,N/A,https://www.hotelminder.com/what-is-a-hotel-property-management-system,0,0.00,0
"hotel online",67,20,84,92,0.76,2.94,https://www.hotelminder.com/best-hotel-online-self-check-in-and-kiosk-solutions,0,0.00,0
"hotel management solutions",16,10,9,8,0.00,N/A,https://www.hotelminder.com/best-hotel-property-management-systems,0,0.00,0
"facebook offer ads",54,20,55,61,0.21,N/A,https://www.hotelminder.com/how-to-run-a-facebook-ads-campaign-for-your-hotel,0,0.00,0
"best hotel rates online",48,10,78,78,0.00,N/A,https://www.hotelminder.com/best-hotel-website-booking-engines,0,0.00,0
"hotel software price",11,10,10,24,0.00,N/A,https://www.hotelminder.com/best-hotel-revenue-management-systems,0,0.00,0
"property management system software",29,10,13,9,1.00,N/A,https://www.hotelminder.com/best-hotel-property-management-systems,0,0.00,0
"best online hotel booking",61,10,15,21,0.00,N/A,https://www.hotelminder.com/best-hotel-website-booking-engines,0,0.00,0
"software used in hotel front office",17,10,40,28,0.00,N/A,https://www.hotelminder.com/best-hotel-property-management-systems,0,0.00,0
"websites to book cheap hotels",51,10,92,92,0.86,N/A,https://www.hotelminder.com/best-hotel-website-booking-engines,0,0.00,0
"best hotel website",37,50,40,36,0.72,2.87,https://www.hotelminder.com/best-hotel-website-booking-engines,0,0.00,0
"function of property management system in hotel",22,10,22,31,0.00,N/A,https://www.hotelminder.com/best-hotel-property-management-systems,0,0.00,0
"systems property management",15,10,17,38,0.00,N/A,https://www.hotelminder.com/property-management-system,0,0.00,0
"hotel property management companies",12,10,34,27,0.00,N/A,https://www.hotelminder.com/best-hotel-property-management-systems,0,0.00,0
"pms property management system",23,10,6,6,0.00,N/A,https://www.hotelminder.com/best-hotel-property-management-systems,0,0.00,0
"best online booking system",43,10,73,49,0.00,N/A,https://www.hotelminder.com/best-hotel-website-booking-engines,0,0.00,0
"search engine management",63,10,74,74,0.00,N/A,https://www.hotelminder.com/the-secret-world-of-hotel-search-engine-marketing,0,0.00,0
"hotel management software uk",30,10,56,80,1.00,N/A,https://www.hotelminder.com/best-hotel-property-management-systems,0,0.00,0
"marketing mix 4ps",91,140,85,85,0.03,N/A,https://www.hotelminder.com/which-hotel-marketing-mix-best-suits-your-property,0,0.00,0
"booking tools for websites",65,10,49,92,0.00,N/A,https://www.hotelminder.com/best-hotel-website-booking-engines,0,0.00,0
"hotel software systems",22,10,6,5,0.57,N/A,https://www.hotelminder.com/best-hotel-property-management-systems,0,0.00,0
"hotel room reservation",49,10,26,26,0.39,1.31,https://www.hotelminder.com/4-ways-to-get-more-hotel-bookings,0,0.00,0.13
"software for hotel industry",17,10,22,23,0.00,N/A,https://www.hotelminder.com/best-hotel-property-management-systems,0,0.00,0
"write a review on tripadvisor without the app",36,20,10,11,0.07,N/A,https://www.hotelminder.com/ask-your-guests-for-reviews-on-tripadvisor-facebook-google,0,0.00,0
"hotel management software for small hotels",8,10,7,9,0.00,N/A,https://www.hotelminder.com/best-hotel-property-management-systems,0,0.00,0
"reservation management software",25,10,65,65,0.00,N/A,https://www.hotelminder.com/property-management-system,0,0.00,0
"hotel booking services",58,10,8,19,0.57,3.99,https://www.hotelminder.com/best-hotel-website-booking-engines,0,0.00,1.24
"front office",24,50,34,34,0.00,N/A,https://www.hotelminder.com/learn-front-office,0,0.00,0
"online travel agent",29,390,47,47,0.72,1.68,https://www.hotelminder.com/10-online-travel-agencies-you-should-connect-to-today,0,0.00,0
"booking engine provider",29,10,7,28,1.00,N/A,https://www.hotelminder.com/best-hotel-website-booking-engines,0,0.00,0
"small hotel reservation software",10,10,19,10,0.00,N/A,https://www.hotelminder.com/best-hotel-website-booking-engines,0,0.00,0
"hotel sales consultant",3,10,63,63,0.00,N/A,https://www.hotelminder.com/how-to-improve-hotel-operations-with-an-independent-consultant,0,0.00,0
"book hotel reservations",47,10,75,75,0.00,N/A,https://www.hotelminder.com/best-hotel-website-booking-engines,0,0.00,0
"hotel pms system comparison",46,10,5,5,0.00,N/A,https://www.hotelminder.com/best-hotel-property-management-systems,0,0.00,0
"tripadvisor social media strategy",24,10,52,35,0.00,N/A,https://www.hotelminder.com/ask-your-guests-for-reviews-on-tripadvisor-facebook-google,0,0.00,0
"yearly marketing plan",36,10,34,34,0.19,N/A,https://www.hotelminder.com/how-to-create-a-hotel-marketing-plan,0,0.00,0
"how to make a marketing plan",79,10,94,73,0.21,N/A,https://www.hotelminder.com/how-to-create-a-hotel-marketing-plan,0,0.00,0
"how to create a marketing plan",76,10,77,51,0.25,0.11,https://www.hotelminder.com/how-to-create-a-hotel-marketing-plan,0,0.00,0
"complete marketing plan",66,0,74,90,0.00,N/A,https://www.hotelminder.com/how-to-create-a-hotel-marketing-plan,0,0.00,0
"making a marketing plan",83,10,80,80,0.21,N/A,https://www.hotelminder.com/how-to-create-a-hotel-marketing-plan,0,0.00,0
"annual marketing plan",43,10,40,40,0.00,N/A,https://www.hotelminder.com/how-to-create-a-hotel-marketing-plan,0,0.00,0
"tripadvisor social media",25,10,64,49,0.00,N/A,https://www.hotelminder.com/ask-your-guests-for-reviews-on-tripadvisor-facebook-google,0,0.00,0
"how to do a marketing plan",70,10,65,48,0.21,3.94,https://www.hotelminder.com/how-to-create-a-hotel-marketing-plan,0,0.00,0
"why social media management",26,0,27,27,0.00,N/A,https://www.hotelminder.com/social-media-management,0,0.00,0
"marketing plan review",12,10,93,73,0.00,N/A,https://www.hotelminder.com/how-to-create-a-hotel-marketing-plan,0,0.00,0
"online booking sites",66,10,17,72,0.70,0.78,https://www.hotelminder.com/best-hotel-website-booking-engines,0,0.00,0.08
"top 10 maintenance software",24,10,92,92,0.00,N/A,https://www.hotelminder.com/best-hotel-property-management-systems,0,0.00,0
minder,17,70,83,88,0.04,0.42,https://www.hotelminder.com/,0,0.00,0
"expedia travel agent",37,10,79,79,0.05,N/A,https://www.hotelminder.com/10-online-travel-agencies-you-should-connect-to-today,0,0.00,0
"one year marketing plan",42,10,65,65,0.00,N/A,https://www.hotelminder.com/how-to-create-a-hotel-marketing-plan,0,0.00,0
"typical marketing plan",83,10,96,96,0.00,N/A,https://www.hotelminder.com/how-to-create-a-hotel-marketing-plan,0,0.00,0
"top 10 hotel booking sites",56,10,16,42,0.71,0.97,https://www.hotelminder.com/best-hotel-website-booking-engines,0,0.00,0.1
"how to start a social media management business",49,10,77,77,0.00,N/A,https://www.hotelminder.com/social-media-management,0,0.00,0
"salesforce chile",25,10,64,64,0.00,N/A,https://www.hotelminder.com/partner?id=Salesforce,0,0.00,0
"booking hotel online",69,50,32,38,0.57,0.23,https://www.hotelminder.com/4-ways-to-get-more-hotel-bookings,0,0.00,0
"the guest hotel",10,0,70,70,0.00,N/A,https://www.hotelminder.com/the-importance-of-guest-reviews-for-independent-hotels,0,0.00,0
"paypal indonesia",33,10,89,89,0.10,N/A,https://www.hotelminder.com/partner=PayPal,0,0.00,0
"what is social media management services",29,10,38,59,0.00,N/A,https://www.hotelminder.com/social-media-management,0,0.00,0
"social media in management",51,10,30,30,0.00,N/A,https://www.hotelminder.com/social-media-management,0,0.00,0
"marketing media management",30,0,33,62,0.00,N/A,https://www.hotelminder.com/social-media-management,0,0.00,0
"standard marketing plan",80,10,58,58,0.00,N/A,https://www.hotelminder.com/how-to-create-a-hotel-marketing-plan,0,0.00,0
"online media management",18,0,73,61,0.00,N/A,https://www.hotelminder.com/social-media-management,0,0.00,0
"media management",24,30,77,86,0.02,N/A,https://www.hotelminder.com/social-media-management,0,0.00,0
"most effective social media campaigns",74,10,36,36,0.00,N/A,https://www.hotelminder.com/social-media-management,0,0.00,0
"effective social media campaigns",74,10,53,53,0.00,N/A,https://www.hotelminder.com/social-media-management,0,0.00,0
"standard marketing plan format",63,0,84,84,0.00,N/A,https://www.hotelminder.com/how-to-create-a-hotel-marketing-plan,0,0.00,0
"how to prepare a marketing plan",75,10,87,87,0.14,N/A,https://www.hotelminder.com/how-to-create-a-hotel-marketing-plan,0,0.00,0
"marketing timeline",52,10,48,48,0.07,14.31,https://www.hotelminder.com/how-to-create-a-hotel-marketing-plan,0,0.00,0
"best hotel booking app",75,10,32,27,0.77,2.65,https://www.hotelminder.com/best-hotel-website-booking-engines,0,0.00,0
"stripe competitors",13,20,23,22,0.16,0.05,https://www.hotelminder.com/partner=Stripe,0,0.00,0.01
"software used in hotel",17,10,16,13,0.57,4.21,https://www.hotelminder.com/best-hotel-property-management-systems,0,0.00,0.42
"online property management system",28,10,85,46,0.00,N/A,https://www.hotelminder.com/property-management-systems,0,0.00,0
"reservation hotel",67,10,24,24,0.52,3.62,https://www.hotelminder.com/4-ways-to-get-more-hotel-bookings,0,0.00,0.36
"hotel social media",12,10,19,52,0.09,1.52,https://www.hotelminder.com/social-media-management,0,0.00,0.15
"cloud pms software",41,10,11,11,0.00,N/A,https://www.hotelminder.com/best-hotel-property-management-systems,0,0.00,0
"what is front office in hotel",24,10,41,33,0.00,N/A,https://www.hotelminder.com/learn-front-office,0,0.00,0
"how to calculate kpi",37,10,79,77,0.04,2.42,https://www.hotelminder.com/top-hospitality-key-performance-indicators,0,0.00,0
"opera housekeeping software",5,10,60,71,0.00,N/A,https://www.hotelminder.com/best-hotel-property-management-systems,0,0.00,0
"moving from back office to front office",6,10,78,78,0.00,N/A,https://www.hotelminder.com/learn-back-office,0,0.00,0
"pricing strategies",48,180,52,82,0.15,5.80,https://www.hotelminder.com/how-to-build-a-pricing-strategy-for-your-independent-hotel,0,0.00,0
"list of travel websites",40,30,49,52,0.00,N/A,https://www.hotelminder.com/10-online-travel-agencies-you-should-connect-to-today,0,0.00,0
"hotel analytics software",11,10,61,61,0.00,N/A,https://www.hotelminder.com/best-hotel-revenue-management-systems,0,0.00,0
"cheap hotel booking website",56,10,76,85,0.90,3.95,https://www.hotelminder.com/best-hotel-website-booking-engines,0,0.00,0
"pms hotel meaning",15,10,6,5,0.50,N/A,https://www.hotelminder.com/what-is-a-hotel-property-management-system,0,0.00,0
"pms system",39,40,14,10,0.47,4.15,https://www.hotelminder.com/best-hotel-property-management-systems,0,0.00,1.66
"revpar calculation",20,20,37,33,0.05,N/A,https://www.hotelminder.com/top-hospitality-key-performance-indicators,0,0.00,0
"hotel software companies",49,10,9,30,0.00,N/A,https://www.hotelminder.com/best-hotel-property-management-systems,0,0.00,0
"what is hotel management system",9,10,36,36,0.00,N/A,https://www.hotelminder.com/what-is-a-hotel-property-management-system,0,0.00,0
"hotel comparison website",63,30,81,83,0.78,3.98,https://www.hotelminder.com/best-hotel-website-booking-engines,0,0.00,0
"hotel management application",14,10,13,20,0.00,N/A,https://www.hotelminder.com/applications,0,0.00,0
"recovery road",22,50,79,79,0.00,N/A,https://www.hotelminder.com/covid-19-road-to-recovery,0,0.00,0
realex,76,1900,63,56,0.00,N/A,https://www.hotelminder.com/partner=Realex,0,0.00,0
"hotel reception software",29,10,14,12,0.71,N/A,https://www.hotelminder.com/best-hotel-property-management-systems,0,0.00,0
"hotel booking websites list",62,10,17,21,0.57,N/A,https://www.hotelminder.com/best-hotel-website-booking-engines,0,0.00,0
"social media management marketing",68,10,26,67,0.00,N/A,https://www.hotelminder.com/social-media-management,0,0.00,0
"hotel operations software",38,10,10,8,0.00,N/A,https://www.hotelminder.com/best-hotel-property-management-systems,0,0.00,0
"luxury hotel discount websites",59,10,98,98,0.76,N/A,https://www.hotelminder.com/best-hotel-website-booking-engines,0,0.00,0
"software for hospitality industry",14,10,47,13,0.00,N/A,https://www.hotelminder.com/best-hotel-property-management-systems,0,0.00,0
"hotel advertisement examples",24,10,92,62,0.00,N/A,https://www.hotelminder.com/which-hotel-marketing-mix-best-suits-your-property,0,0.00,0
"how to start a social media management company",46,10,74,74,0.29,N/A,https://www.hotelminder.com/social-media-management,0,0.00,0
"hotel management software",59,10,22,25,0.86,N/A,https://www.hotelminder.com/best-hotel-property-management-systems,0,0.00,0
"little hotelier login",44,50,28,76,0.02,N/A,https://www.hotelminder.com/partner=Little%20Hotelier,0,0.00,0
"social media management website",54,10,39,39,0.43,N/A,https://www.hotelminder.com/social-media-management,0,0.00,0
"vacation management software",55,10,17,25,0.00,N/A,https://www.hotelminder.com/best-vacation-rental-management-systems,0,0.00,0
"hotel billboard advertising",13,10,7,7,0.14,N/A,https://www.hotelminder.com/are-you-using-the-billboard-effect-to-increase-direct-bookings,0,0.00,0
"best website for hotel deals",56,20,65,48,0.85,1.29,https://www.hotelminder.com/best-hotel-website-booking-engines,0,0.00,0
"what is hotel",39,20,52,52,0.04,N/A,https://www.hotelminder.com/what-is-a-hotel-property-management-system,0,0.00,0
"hotel automation software",16,10,38,41,0.00,N/A,https://www.hotelminder.com/best-hotel-property-management-systems,0,0.00,0
"social media management strategy",68,10,32,32,0.00,N/A,https://www.hotelminder.com/social-media-management,0,0.00,0
"hotel room reservation system",20,10,11,11,0.00,N/A,https://www.hotelminder.com/best-hotel-website-booking-engines,0,0.00,0
"family room hotel meaning",18,10,43,43,0.00,N/A,https://www.hotelminder.com/how-to-configure-your-hotel-rooms-and-rooms-types,0,0.00,0
"lead time hotel",5,10,36,39,0.00,N/A,https://www.hotelminder.com/8-tips-to-reduce-last-minute-hotel-cancellations-and-no-shows,0,0.00,0
"booking full site",56,10,87,87,0.00,N/A,https://www.hotelminder.com/best-hotel-website-booking-engines,0,0.00,0
"online reservation software",61,10,90,59,0.00,N/A,https://www.hotelminder.com/best-hotel-website-booking-engines,0,0.00,0
"pms booking system",80,10,11,16,1.00,N/A,https://www.hotelminder.com/best-hotel-property-management-systems,0,0.00,0
"suite room description",15,10,72,72,0.00,N/A,https://www.hotelminder.com/how-to-configure-your-hotel-rooms-and-rooms-types,0,0.00,0
"pms meaning in hotel",24,10,7,5,0.43,N/A,https://www.hotelminder.com/what-is-a-hotel-property-management-system,0,0.00,0
"social media channel management",21,10,49,49,0.86,N/A,https://www.hotelminder.com/social-media-management,0,0.00,0
"sem market",9,10,91,91,0.00,N/A,https://www.hotelminder.com/the-secret-world-of-hotel-search-engine-marketing,0,0.00,0
"hotel room sites",61,10,88,88,0.00,N/A,https://www.hotelminder.com/best-hotel-website-booking-engines,0,0.00,0
"industry performance indicators",32,10,63,48,0.00,N/A,https://www.hotelminder.com/top-hospitality-key-performance-indicators,0,0.00,0
"agoda extranet",8,10,56,56,0.08,0.32,https://www.hotelminder.com/gds-ota-metasearch-what-is-the-difference,0,0.00,0
"hotel 7",6,260,50,56,0.06,0.84,https://www.hotelminder.com/7-steps-recovery-strategy-covid-19,0,0.00,0
"property management system",22,20,7,6,0.79,15.43,https://www.hotelminder.com/property-management-system,0,0.00,10.8
"web booking system",33,10,18,28,0.16,N/A,https://www.hotelminder.com/best-hotel-website-booking-engines,0,0.00,0
"web based hotel booking software",22,10,7,6,0.00,N/A,https://www.hotelminder.com/best-hotel-website-booking-engines,0,0.00,0
"marketing mix place strategy",59,10,78,57,0.00,N/A,https://www.hotelminder.com/which-hotel-marketing-mix-best-suits-your-property,0,0.00,0
"best hotel booking software",9,10,5,10,0.00,N/A,https://www.hotelminder.com/best-hotel-website-booking-engines,0,0.00,0
"hotel seo",5,10,81,81,0.25,N/A,https://www.hotelminder.com/the-secret-world-of-hotel-search-engine-marketing,0,0.00,0
"marketing mix place",63,50,42,46,0.02,N/A,https://www.hotelminder.com/which-hotel-marketing-mix-best-suits-your-property,0,0.00,0
"hotel application software",33,10,11,14,0.00,N/A,https://www.hotelminder.com/best-hotel-property-management-systems,0,0.00,0
"business plan hotel",6,10,43,53,0.65,N/A,https://www.hotelminder.com/how-to-create-a-hotel-marketing-plan,0,0.00,0
"revenue management strategies",40,10,26,45,0.14,N/A,https://www.hotelminder.com/revenue-management,0,0.00,0
"best online hotel booking site",63,10,31,31,0.00,N/A,https://www.hotelminder.com/best-hotel-website-booking-engines,0,0.00,0
"find hotels near address google maps",14,10,19,13,0.00,N/A,https://www.hotelminder.com/google-maps-for-your-hotel-all-you-need-to-know,0,0.00,0
"social media management what is it",73,10,22,35,0.00,N/A,https://www.hotelminder.com/social-media-management,0,0.00,0
"pms hotel management",26,10,6,7,0.00,N/A,https://www.hotelminder.com/best-hotel-property-management-systems,0,0.00,0
"expedia.ie sale",23,30,88,86,0.34,0.12,https://www.hotelminder.com/10-online-travel-agencies-you-should-connect-to-today,0,0.00,0
"social media management business",30,10,52,52,0.14,N/A,https://www.hotelminder.com/social-media-management,0,0.00,0
"what are back office functions",23,10,93,93,0.00,N/A,https://www.hotelminder.com/learn-back-office,0,0.00,0
"top hotel",22,30,98,98,0.34,1.33,https://www.hotelminder.com/best-hotel-channel-manager-systems,0,0.00,0
"7 p's of marketing in hotel industry",7,10,27,27,0.00,N/A,https://www.hotelminder.com/which-hotel-marketing-mix-best-suits-your-property,0,0.00,0
"hotel marketing",27,20,34,32,0.40,1.66,https://www.hotelminder.com/which-hotel-marketing-mix-best-suits-your-property,0,0.00,0
"hotel business plan",5,10,37,40,0.65,N/A,https://www.hotelminder.com/how-to-create-a-hotel-marketing-plan,0,0.00,0
"online travel booking websites",61,10,98,98,0.86,N/A,https://www.hotelminder.com/10-online-travel-agencies-you-should-connect-to-today,0,0.00,0
"hotel room booking app",76,10,51,51,0.86,N/A,https://www.hotelminder.com/best-hotel-website-booking-engines,0,0.00,0
"revpar calculator excel",10,10,24,22,0.00,N/A,https://www.hotelminder.com/top-hospitality-key-performance-indicators,0,0.00,0
"price product promotion place 4 p's",86,10,75,75,0.00,N/A,https://www.hotelminder.com/which-hotel-marketing-mix-best-suits-your-property,0,0.00,0
"hospitality software companies",8,10,63,63,0.00,N/A,https://www.hotelminder.com/best-hotel-property-management-systems,0,0.00,0
"pricing strategy",65,140,57,83,0.15,5.80,https://www.hotelminder.com/how-to-build-a-pricing-strategy-for-your-independent-hotel,0,0.00,0
"worldpay ireland",13,20,56,56,0.28,2.33,https://www.hotelminder.com/partner=Worldpay,0,0.00,0
"features of online booking system",9,10,53,54,0.00,N/A,https://www.hotelminder.com/best-hotel-website-booking-engines,0,0.00,0
"top hotel software",25,10,28,74,0.00,N/A,https://www.hotelminder.com/best-hotel-revenue-management-systems,0,0.00,0
"kpi formula list",37,10,41,41,0.00,N/A,https://www.hotelminder.com/top-hospitality-key-performance-indicators,0,0.00,0
"business performance meaning",22,10,89,89,0.00,N/A,https://www.hotelminder.com/top-hospitality-key-performance-indicators,0,0.00,0
"cancellation of hotel reservation",7,10,58,58,0.05,0.61,https://www.hotelminder.com/8-tips-to-reduce-last-minute-hotel-cancellations-and-no-shows,0,0.00,0
"pms reservation system",23,10,8,6,0.00,N/A,https://www.hotelminder.com/best-hotel-property-management-systems,0,0.00,0
"digital marketing in hotel industry",32,10,91,91,0.21,N/A,https://www.hotelminder.com/how-to-create-a-hotel-marketing-plan,0,0.00,0
"hotel promotion strategy",61,10,32,40,0.00,N/A,https://www.hotelminder.com/how-to-create-a-hotel-marketing-plan,0,0.00,0
"pms in front office",55,10,15,50,0.00,N/A,https://www.hotelminder.com/what-is-a-hotel-property-management-system,0,0.00,0
"top 10 hotel booking sites in india",28,10,88,88,0.00,N/A,https://www.hotelminder.com/best-hotel-channel-manager-systems,0,0.00,0
"sem smo",6,10,69,69,0.00,N/A,https://www.hotelminder.com/the-secret-world-of-hotel-search-engine-marketing,0,0.00,0
"what is property management system",15,10,10,11,0.00,N/A,https://www.hotelminder.com/what-is-a-hotel-property-management-system,0,0.00,0
"types of hotel rooms and suites",12,10,5,5,0.00,N/A,https://www.hotelminder.com/how-to-configure-your-hotel-rooms-and-rooms-types,0,0.00,0
"self service check-in hotels",8,10,6,12,0.07,N/A,https://www.hotelminder.com/best-hotel-online-self-check-in-and-kiosk-solutions,0,0.00,0
"marketing mix for",84,10,59,87,0.00,N/A,https://www.hotelminder.com/which-hotel-marketing-mix-best-suits-your-property,0,0.00,0
"apps to promote your instagram",62,10,72,72,0.00,N/A,https://www.hotelminder.com/how-to-promote-your-hotel-on-instagram,0,0.00,0
"4ps place",82,10,76,76,0.00,N/A,https://www.hotelminder.com/which-hotel-marketing-mix-best-suits-your-property,0,0.00,0
"best travel agency",29,40,59,89,0.53,0.74,https://www.hotelminder.com/10-online-travel-agencies-you-should-connect-to-today,0,0.00,0
"cloud based hotel pms",21,10,11,23,0.00,N/A,https://www.hotelminder.com/best-hotel-property-management-systems,0,0.00,0
hotelogix,17,10,32,32,0.34,1.75,https://www.hotelminder.com/partner=Hotelogix,0,0.00,0
"revpar formula in front office",15,10,25,24,0.07,N/A,https://www.hotelminder.com/top-hospitality-key-performance-indicators,0,0.00,0
"hotels going green articles",21,10,32,43,0.00,N/A,https://www.hotelminder.com/learn-sustainability,0,0.00,0
"google maps filter hotels",26,10,4,13,0.00,N/A,https://www.hotelminder.com/google-maps-for-your-hotel-all-you-need-to-know,0,0.00,0
"importance of marketing in hotel industry",18,10,85,73,0.00,N/A,https://www.hotelminder.com/how-to-create-a-hotel-marketing-plan,0,0.00,0
"key productivity indicators",63,10,56,65,0.00,N/A,https://www.hotelminder.com/top-hospitality-key-performance-indicators,0,0.00,0
"social media ad management",69,10,57,57,0.93,N/A,https://www.hotelminder.com/social-media-management,0,0.00,0
"how to do a marketing plan presentation",41,10,85,85,0.43,N/A,https://www.hotelminder.com/how-to-create-a-hotel-marketing-plan,0,0.00,0
"marketing mix tools",74,10,73,87,0.00,N/A,https://www.hotelminder.com/which-hotel-marketing-mix-best-suits-your-property,0,0.00,0
"accommodation booking websites",58,10,63,61,0.93,2.25,https://www.hotelminder.com/best-hotel-website-booking-engines,0,0.00,0
"best hotel reservation software",16,10,9,5,0.00,N/A,https://www.hotelminder.com/best-hotel-website-booking-engines,0,0.00,0
"cloud pms",23,10,18,38,0.71,4.57,https://www.hotelminder.com/best-hotel-property-management-systems,0,0.00,0.46
"best booking software for small business",52,10,81,81,1.00,N/A,https://www.hotelminder.com/best-hotel-website-booking-engines,0,0.00,0
agilisys,19,30,29,29,0.00,N/A,https://www.hotelminder.com/partner=Agilisys,0,0.00,0
"best accommodation websites",33,20,64,64,0.66,0.91,https://www.hotelminder.com/best-hotel-website-booking-engines,0,0.00,0
"hotel advertisement ideas",43,10,40,22,0.00,N/A,https://www.hotelminder.com/how-to-create-a-hotel-marketing-plan,0,0.00,0
"best hotel comparison sites",60,30,69,79,0.72,2.42,https://www.hotelminder.com/best-hotel-website-booking-engines,0,0.00,0
"what is back office",25,10,62,94,0.00,N/A,https://www.hotelminder.com/learn-back-office,0,0.00,0
"google hotels",40,390,33,29,0.49,3.66,https://www.hotelminder.com/google-maps-for-your-hotel-all-you-need-to-know,0,0.00,0
"best hotel search sites",63,10,39,39,0.86,2.78,https://www.hotelminder.com/best-hotel-website-booking-engines,0,0.00,0
"hotel food waste",4,10,49,59,0.00,N/A,https://www.hotelminder.com/5-actions-towards-zero-waste-in-hotels-and-restaurants,0,0.00,0
"best key performance indicators",47,10,60,60,0.00,N/A,https://www.hotelminder.com/top-hospitality-key-performance-indicators,0,0.00,0
"travel websites for hotels",69,10,64,64,0.00,N/A,https://www.hotelminder.com/10-online-travel-agencies-you-should-connect-to-today,0,0.00,0
"hotel software programs",48,10,11,8,0.00,N/A,https://www.hotelminder.com/best-hotel-property-management-systems,0,0.00,0
"hotel booking companies",72,10,71,71,0.86,0.64,https://www.hotelminder.com/best-hotel-website-booking-engines,0,0.00,0
"hotel reception system",15,10,56,36,0.52,4.10,https://www.hotelminder.com/online-check-in-solutions-and-kiosks-systems,0,0.00,0
"top hotel management software",15,10,10,11,0.00,N/A,https://www.hotelminder.com/best-hotel-property-management-systems,0,0.00,0
"hotel pms software",28,10,5,5,0.00,N/A,https://www.hotelminder.com/best-hotel-property-management-systems,0,0.00,0
"hotel operating systems",37,10,11,5,0.64,2.07,https://www.hotelminder.com/best-hotel-property-management-systems,0,0.00,0.21
"best online travel sites",62,10,97,100,0.50,N/A,https://www.hotelminder.com/10-online-travel-agencies-you-should-connect-to-today,0,0.00,0
"best travel services",44,10,51,41,0.00,N/A,https://www.hotelminder.com/10-online-travel-agencies-you-should-connect-to-today,0,0.00,0
"what is revenue management in hotels",15,10,27,15,0.14,N/A,https://www.hotelminder.com/learn-revenue-management,0,0.00,0
"hotel management software demo",29,10,86,86,0.00,N/A,https://www.hotelminder.com/best-hotel-property-management-systems,0,0.00,0
"hotel marketing company",23,10,67,67,0.00,N/A,https://www.hotelminder.com/,0,0.00,0
"web booking hotel",61,10,20,20,0.00,N/A,https://www.hotelminder.com/best-hotel-website-booking-engines,0,0.00,0
"hotel branding design",5,10,39,47,0.00,N/A,https://www.hotelminder.com/branding,0,0.00,0
"4s of marketing",56,10,63,60,0.00,N/A,https://www.hotelminder.com/which-hotel-marketing-mix-best-suits-your-property,0,0.00,0
"front office kpi",11,10,10,5,0.00,N/A,https://www.hotelminder.com/top-hospitality-key-performance-indicators,0,0.00,0
"how to promote your instagram",68,20,51,48,0.30,1.16,https://www.hotelminder.com/how-to-promote-your-hotel-on-instagram,0,0.00,0
"social media management experience",39,10,96,96,0.29,N/A,https://www.hotelminder.com/social-media-management,0,0.00,0
"promotion in marketing mix",50,50,70,72,0.04,N/A,https://www.hotelminder.com/which-hotel-marketing-mix-best-suits-your-property,0,0.00,0
"reviews for hotels",46,10,9,11,0.47,0.91,https://www.hotelminder.com/the-importance-of-guest-reviews-for-independent-hotels,0,0.00,0.24
"best pms system for small hotels",14,10,5,5,0.00,N/A,https://www.hotelminder.com/best-hotel-property-management-systems,0,0.00,0
"point of sales system",53,30,49,26,0.76,7.27,https://www.hotelminder.com/point-of-sales-systems,0,0.00,0
"define hotel",39,20,70,64,0.01,N/A,https://www.hotelminder.com/how-to-configure-your-hotel-rooms-and-rooms-types,0,0.00,0
"hotel computer programs",28,10,13,34,0.29,0.72,https://www.hotelminder.com/best-hotel-property-management-systems,0,0.00,0.07
"hotel reservation websites",73,10,12,12,0.74,1.49,https://www.hotelminder.com/best-hotel-website-booking-engines,0,0.00,0.15
"how do you promote your instagram",65,10,84,84,0.00,N/A,https://www.hotelminder.com/how-to-promote-your-hotel-on-instagram,0,0.00,0
"marketing mix promotion",58,50,51,51,0.04,N/A,https://www.hotelminder.com/which-hotel-marketing-mix-best-suits-your-property,0,0.00,0
"key performance index",71,10,87,87,0.00,N/A,https://www.hotelminder.com/top-hospitality-key-performance-indicators,0,0.00,0
"hotel reservation service",19,10,73,73,0.63,N/A,https://www.hotelminder.com/best-hotel-website-booking-engines,0,0.00,0
"hotel management software reviews",15,10,19,15,0.00,N/A,https://www.hotelminder.com/best-hotel-property-management-systems,0,0.00,0
"hotel review software",41,10,55,64,0.57,N/A,https://www.hotelminder.com/best-hotel-revenue-management-systems,0,0.00,0
"success indicators",58,10,97,97,0.00,N/A,https://www.hotelminder.com/top-hospitality-key-performance-indicators,0,0.00,0
"accommodation management software",33,10,14,14,0.93,N/A,https://www.hotelminder.com/best-hotel-property-management-systems,0,0.00,0
"hotel room booking software",53,10,10,15,0.00,N/A,https://www.hotelminder.com/best-hotel-website-booking-engines,0,0.00,0
"types of hotel software",23,10,10,8,0.00,N/A,https://www.hotelminder.com/best-hotel-property-management-systems,0,0.00,0
"online travel services",11,10,30,34,0.00,N/A,https://www.hotelminder.com/online-travel-agencies-an-essential-part-of-your-distribution-strategy,0,0.00,0
"7 marketing mix for hotel services",9,10,5,7,0.07,N/A,https://www.hotelminder.com/which-hotel-marketing-mix-best-suits-your-property,0,0.00,0
"free cancellation hotel booking",21,10,75,81,0.57,2.50,https://www.hotelminder.com/8-tips-to-reduce-last-minute-hotel-cancellations-and-no-shows,0,0.00,0
"front office formulas",14,10,27,27,0.00,N/A,https://www.hotelminder.com/top-hospitality-key-performance-indicators,0,0.00,0
"room master hotel management software",13,10,58,58,0.00,N/A,https://www.hotelminder.com/best-hotel-revenue-management-systems,0,0.00,0
"best hotel advertisements",6,10,45,26,0.00,N/A,https://www.hotelminder.com/is-metasearch-advertising-worth-it,0,0.00,0
"best hotel booking",72,10,22,47,0.00,N/A,https://www.hotelminder.com/best-hotel-website-booking-engines,0,0.00,0
"7 p's of hotel industry",6,10,27,23,0.00,N/A,https://www.hotelminder.com/which-hotel-marketing-mix-best-suits-your-property,0,0.00,0
"top hotel websites",40,10,40,67,0.77,0.53,https://www.hotelminder.com/best-hotel-website-booking-engines,0,0.00,0
"revenue management",12,70,13,20,0.17,1.47,https://www.hotelminder.com/outsourced-revenue-management,0,0.00,1.03
"hotel room management software",58,10,24,11,0.00,N/A,https://www.hotelminder.com/best-hotel-property-management-systems,0,0.00,0
"market mix strategy",76,10,81,81,0.00,N/A,https://www.hotelminder.com/which-hotel-marketing-mix-best-suits-your-property,0,0.00,0
"revenue management in hotels",13,20,8,12,0.35,N/A,https://www.hotelminder.com/outsourced-revenue-management,0,0.00,0
"place marketing strategy",46,10,44,64,0.14,N/A,https://www.hotelminder.com/which-hotel-marketing-mix-best-suits-your-property,0,0.00,0
"key performance indicators by industry",40,10,59,35,0.14,N/A,https://www.hotelminder.com/top-hospitality-key-performance-indicators,0,0.00,0
"hotel booking app",64,90,42,51,0.98,1.68,https://www.hotelminder.com/best-hotel-website-booking-engines,0,0.00,0
"vacation rentals websites",63,10,71,71,0.00,N/A,https://www.hotelminder.com/best-vacation-rental-management-systems,0,0.00,0
"popular travel agencies",45,10,16,97,0.52,N/A,https://www.hotelminder.com/10-online-travel-agencies-you-should-connect-to-today,0,0.00,0
"hotel reservation",59,30,21,22,0.66,3.50,https://www.hotelminder.com/best-hotel-website-booking-engines,0,0.00,1.05
"online travel booking",48,10,75,75,0.77,0.98,https://www.hotelminder.com/10-online-travel-agencies-you-should-connect-to-today,0,0.00,0
"google booking hotels",51,40,16,12,0.07,1.84,https://www.hotelminder.com/google-maps-for-your-hotel-all-you-need-to-know,0,0.00,0.74
"how to use google adwords effectively",60,10,54,54,0.00,N/A,https://www.hotelminder.com/google-ads-for-your-hotel-more-direct-bookings,0,0.00,0
"online booking platform",59,10,54,29,0.00,N/A,https://www.hotelminder.com/best-hotel-website-booking-engines,0,0.00,0
"hotel reservation system software",9,10,15,15,0.86,13.46,https://www.hotelminder.com/best-hotel-website-booking-engines,0,0.00,1.35
"booking.com free cancellation",27,20,93,93,0.19,0.04,https://www.hotelminder.com/8-tips-to-reduce-last-minute-hotel-cancellations-and-no-shows,0,0.00,0
"best hotel search engine",62,10,18,51,0.71,1.75,https://www.hotelminder.com/best-hotel-website-booking-engines,0,0.00,0.18
"customer service booking.com indonesia",25,10,60,60,0.00,N/A,https://www.hotelminder.com/10-online-travel-agencies-you-should-connect-to-today,0,0.00,0
